left,right,subsequence,predicted,true,classification,inputSequence
247,252,KACSS,Extracellular,Extracellular,True,13
313,318,YQCLS,Extracellular,Extracellular,True,13
330,335,KQCSA,Extracellular,Extracellular,True,13
343,346,VNC,Extracellular,Extracellular,True,13
7,12,QLCLF,Lysosome/Vacuole,Extracellular,False,26
45,50,KICLH,Lysosome/Vacuole,Extracellular,False,26
83,88,FHCLS,Lysosome/Vacuole,Extracellular,False,26
248,253,TACAI,Lysosome/Vacuole,Extracellular,False,26
266,271,SLCHG,Lysosome/Vacuole,Extracellular,False,26
280,285,SACKE,Lysosome/Vacuole,Extracellular,False,26
292,297,NGCST,Lysosome/Vacuole,Extracellular,False,26
426,431,SSCIH,Lysosome/Vacuole,Extracellular,False,26
431,436,SSCTA,Lysosome/Vacuole,Extracellular,False,26
465,470,LPCNQ,Lysosome/Vacuole,Extracellular,False,26
560,565,EKCLR,Lysosome/Vacuole,Extracellular,False,26
592,597,SLCGL,Lysosome/Vacuole,Extracellular,False,26
640,645,YDCLM,Lysosome/Vacuole,Extracellular,False,26
686,691,TYCYE,Lysosome/Vacuole,Extracellular,False,26
781,786,ALCLS,Lysosome/Vacuole,Extracellular,False,26
857,862,SYCLG,Lysosome/Vacuole,Extracellular,False,26
893,898,ELCGS,Lysosome/Vacuole,Extracellular,False,26
931,936,LLCAS,Lysosome/Vacuole,Extracellular,False,26
982,987,YGCGE,Lysosome/Vacuole,Extracellular,False,26
1089,1094,SGCFR,Lysosome/Vacuole,Extracellular,False,26
1137,1142,LGCLE,Lysosome/Vacuole,Extracellular,False,26
1331,1336,EGCVY,Lysosome/Vacuole,Extracellular,False,26
1362,1367,LTCNN,Lysosome/Vacuole,Extracellular,False,26
1477,1482,SPCSS,Lysosome/Vacuole,Extracellular,False,26
365,370,PVCLQ,Extracellular,Extracellular,True,29
387,392,TECEF,Extracellular,Extracellular,True,29
14,19,QEFPN,Cytoplasm,Cell.membrane,False,54
28,33,DAFIR,Cytoplasm,Cell.membrane,False,54
66,71,KEFQR,Cytoplasm,Cell.membrane,False,54
119,124,DIFQA,Cytoplasm,Cell.membrane,False,54
149,155,EHFFRE,Cytoplasm,Cell.membrane,False,54
160,165,DSFVE,Cytoplasm,Cell.membrane,False,54
189,198,MHFNPNFED,Cytoplasm,Cell.membrane,False,54
202,207,VDFQI,Cytoplasm,Cell.membrane,False,54
212,219,IIFHFKR,Cytoplasm,Cell.membrane,False,54
232,237,TEFVE,Cytoplasm,Cell.membrane,False,54
11,16,TICSL,Extracellular,Extracellular,True,74
26,31,EPCVE,Extracellular,Extracellular,True,74
69,74,NSFIV,Extracellular,Cell.membrane,False,76
88,93,PLFVY,Extracellular,Cell.membrane,False,76
121,126,SIFNL,Extracellular,Cell.membrane,False,76
131,136,DRFVA,Extracellular,Cell.membrane,False,76
198,204,CSFFLP,Extracellular,Cell.membrane,False,76
213,218,ATFRG,Extracellular,Cell.membrane,False,76
400,405,GAFLL,Extracellular,Cell.membrane,False,76
407,413,TPFFVV,Extracellular,Cell.membrane,False,76
448,461,TVFNAEFRNVFRK,Extracellular,Cell.membrane,False,76
23,28,QGCPF,Extracellular,Extracellular,True,79
52,57,GRCAV,Extracellular,Extracellular,True,79
71,76,WPCQL,Extracellular,Extracellular,True,79
520,525,MACAT,Extracellular,Extracellular,True,79
533,538,GGCNG,Extracellular,Extracellular,True,79
14,19,MIGQE,Extracellular,Extracellular,True,135
27,32,RRGRK,Extracellular,Extracellular,True,135
43,51,VIGAVGKR,Extracellular,Extracellular,True,135
51,56,QAGDA,Extracellular,Extracellular,True,135
66,71,EDGVF,Extracellular,Extracellular,True,135
78,83,VFGVD,Extracellular,Extracellular,True,135
83,88,DNGFV,Extracellular,Extracellular,True,135
95,102,VDGDGVV,Extracellular,Extracellular,True,135
116,119,LAG,Extracellular,Extracellular,True,135
157,162,GDFGP,Extracellular,Cell.membrane,False,146
471,476,DGFPG,Extracellular,Cell.membrane,False,146
121,126,GQCGD,Extracellular,Extracellular,True,147
184,189,TRCST,Extracellular,Extracellular,True,147
197,202,NECKG,Extracellular,Extracellular,True,147
202,207,ASCIA,Extracellular,Extracellular,True,147
220,225,AKCTF,Extracellular,Extracellular,True,147
247,252,EFCTE,Extracellular,Extracellular,True,147
4,16,FICFLACLTCSY,Extracellular,Extracellular,True,193
157,162,PPCTV,Extracellular,Extracellular,True,193
171,176,SVCQG,Extracellular,Extracellular,True,193
248,253,NRCSG,Extracellular,Extracellular,True,193
257,262,TECRR,Extracellular,Extracellular,True,193
9,14,ALCLH,Nucleus,Extracellular,False,209
15,20,MACLQ,Extracellular,Extracellular,True,221
32,37,APGPV,Extracellular,Extracellular,True,221
56,61,ILGII,Extracellular,Extracellular,True,221
66,71,SLGKK,Extracellular,Extracellular,True,221
0,5,MGCIK,Extracellular,Extracellular,True,230
231,236,DWCVT,Extracellular,Extracellular,True,230
295,300,AVCTA,Extracellular,Extracellular,True,230
348,353,HVCGV,Extracellular,Extracellular,True,230
365,370,QACDR,Extracellular,Extracellular,True,230
578,585,NFCGCGW,Cytoplasm,Extracellular,False,288
598,603,LQCVL,Cytoplasm,Extracellular,False,288
620,625,GRCSD,Cytoplasm,Extracellular,False,288
627,632,SYCGV,Cytoplasm,Extracellular,False,288
13,18,FACIA,Nucleus,Extracellular,False,289
22,27,DDCKT,Nucleus,Extracellular,False,291
101,106,GPCKP,Nucleus,Extracellular,False,291
200,205,YLCKI,Nucleus,Extracellular,False,291
257,262,ELCDD,Nucleus,Extracellular,False,291
275,280,TRCED,Nucleus,Extracellular,False,291
281,286,VMCQN,Nucleus,Extracellular,False,291
295,300,KTCPY,Nucleus,Extracellular,False,291
308,313,TSCVL,Nucleus,Extracellular,False,291
316,321,EDCSD,Nucleus,Extracellular,False,291
321,326,DLCKT,Nucleus,Extracellular,False,291
335,340,VSCRA,Nucleus,Extracellular,False,291
341,346,WKCEN,Nucleus,Extracellular,False,291
350,356,ARCCPS,Nucleus,Extracellular,False,291
363,368,KGCVL,Nucleus,Extracellular,False,291
369,378,SDCDEECPP,Nucleus,Extracellular,False,291
409,414,PNCPL,Nucleus,Extracellular,False,291
435,440,FDCAP,Nucleus,Extracellular,False,291
446,453,RDCACSI,Nucleus,Extracellular,False,291
470,475,KVCEP,Nucleus,Extracellular,False,291
479,484,PFCDD,Nucleus,Extracellular,False,291
660,665,GECDN,Nucleus,Extracellular,False,291
668,673,HDCFE,Nucleus,Extracellular,False,291
884,889,YFCDP,Nucleus,Extracellular,False,291
997,1002,KKCDF,Nucleus,Extracellular,False,291
99,104,RRFRG,Cytoplasm,Cell.membrane,False,292
211,216,AGFMQ,Cytoplasm,Cell.membrane,False,292
216,221,RQFGA,Cytoplasm,Cell.membrane,False,292
227,232,NKFSL,Cytoplasm,Cell.membrane,False,292
232,237,RMFGS,Cytoplasm,Cell.membrane,False,292
250,255,AGFWI,Cytoplasm,Cell.membrane,False,292
259,266,SDFRFYW,Cytoplasm,Cell.membrane,False,292
284,290,ITFFKD,Cytoplasm,Cell.membrane,False,292
296,301,IVFNV,Cytoplasm,Cell.membrane,False,292
303,309,DTFFLI,Cytoplasm,Cell.membrane,False,292
312,317,LNFRT,Cytoplasm,Cell.membrane,False,292
340,349,SWFVVDFVS,Cytoplasm,Cell.membrane,False,292
354,359,YIFLI,Cytoplasm,Cell.membrane,False,292
377,382,VRFTK,Cytoplasm,Cell.membrane,False,292
403,408,EIFHM,Cytoplasm,Cell.membrane,False,292
435,440,LQFLV,Cytoplasm,Cell.membrane,False,292
443,448,QDFPD,Cytoplasm,Cell.membrane,False,292
468,473,ALFKA,Cytoplasm,Cell.membrane,False,292
507,512,AMFIG,Cytoplasm,Cell.membrane,False,292
538,543,MSFHK,Cytoplasm,Cell.membrane,False,292
562,567,KMFDE,Cytoplasm,Cell.membrane,False,292
582,587,INFNC,Cytoplasm,Cell.membrane,False,292
594,599,PLFAN,Cytoplasm,Cell.membrane,False,292
601,606,PNFVT,Cytoplasm,Cell.membrane,False,292
611,619,LRFEVFQP,Cytoplasm,Cell.membrane,False,292
632,637,MYFIQ,Cytoplasm,Cell.membrane,False,292
656,661,SYFGE,Cytoplasm,Cell.membrane,False,292
687,692,DNFNE,Cytoplasm,Cell.membrane,False,292
701,706,RAFET,Cytoplasm,Cell.membrane,False,292
800,805,AIFRP,Cytoplasm,Cell.membrane,False,292
890,898,AGFSHFHR,Cytoplasm,Cell.membrane,False,292
938,943,EHFLP,Cytoplasm,Cell.membrane,False,292
984,989,LPFAA,Cytoplasm,Cell.membrane,False,292
997,1002,VAFSP,Cytoplasm,Cell.membrane,False,292
1016,1021,RTFPS,Cytoplasm,Cell.membrane,False,292
1101,1106,PPFPR,Cytoplasm,Cell.membrane,False,292
1137,1142,SLFGP,Cytoplasm,Cell.membrane,False,292
19,24,SICEE,Nucleus,Extracellular,False,309
106,111,YGCAK,Extracellular,Extracellular,True,319
18,23,EVCYD,Extracellular,Extracellular,True,374
24,29,LGCFS,Extracellular,Extracellular,True,374
106,111,DMCKN,Extracellular,Extracellular,True,374
117,124,VNCICVD,Extracellular,Extracellular,True,374
252,257,PGCKK,Extracellular,Extracellular,True,374
276,281,VACNH,Extracellular,Extracellular,True,374
300,305,YPCAS,Extracellular,Extracellular,True,374
311,319,NKCFPCPD,Extracellular,Extracellular,True,374
319,324,QGCPQ,Extracellular,Extracellular,True,374
384,389,RQCDI,Extracellular,Extracellular,True,374
448,453,NFCSE,Extracellular,Extracellular,True,374
464,469,LPCKT,Extracellular,Extracellular,True,374
154,159,IACEQ,Extracellular,Extracellular,True,383
219,224,TNCDQ,Extracellular,Extracellular,True,383
227,232,PECIR,Extracellular,Extracellular,True,383
345,353,SYCTYCAY,Extracellular,Extracellular,True,383
353,358,GECGN,Extracellular,Extracellular,True,383
375,380,LMCGV,Extracellular,Extracellular,True,383
404,409,RQCME,Extracellular,Extracellular,True,383
439,444,NGCLN,Extracellular,Extracellular,True,383
454,459,NSCPY,Extracellular,Extracellular,True,383
616,621,PGCGT,Extracellular,Extracellular,True,383
44,49,AMCPK,Extracellular,Extracellular,True,390
49,54,TECPN,Extracellular,Extracellular,True,390
279,284,LNCLM,Extracellular,Extracellular,True,390
286,291,ESCGT,Extracellular,Extracellular,True,390
0,5,TTCTT,Extracellular,Extracellular,True,391
24,29,NQCAT,Extracellular,Extracellular,True,391
48,53,LMCAS,Extracellular,Extracellular,True,391
53,58,TACKT,Extracellular,Extracellular,True,391
68,73,PDCEL,Extracellular,Extracellular,True,391
92,97,STCAS,Extracellular,Extracellular,True,391
293,298,DVFDG,Extracellular,Cell.membrane,False,397
329,337,DDFTPFDE,Extracellular,Cell.membrane,False,397
337,342,ADFYP,Extracellular,Cell.membrane,False,397
343,348,TSFYA,Extracellular,Cell.membrane,False,397
451,456,GAFCR,Extracellular,Cell.membrane,False,397
474,479,TDFQV,Extracellular,Cell.membrane,False,397
492,497,LLFML,Extracellular,Cell.membrane,False,397
497,503,TVFFAK,Extracellular,Cell.membrane,False,397
528,533,DNFSL,Extracellular,Cell.membrane,False,397
54,59,KECSG,Cytoplasm,Extracellular,False,407
212,217,PPCTE,Cytoplasm,Extracellular,False,407
8,13,LACSA,Extracellular,Extracellular,True,414
0,5,AGFPE,Extracellular,Cell.membrane,False,417
9,14,PKFWN,Extracellular,Cell.membrane,False,417
38,43,ILFLG,Extracellular,Cell.membrane,False,417
73,80,DKFPFVA,Extracellular,Cell.membrane,False,417
190,195,QLFEN,Extracellular,Cell.membrane,False,417
270,275,GLFEP,Extracellular,Cell.membrane,False,417
307,312,NGFYL,Extracellular,Cell.membrane,False,417
363,370,HLFSFGG,Extracellular,Cell.membrane,False,417
376,381,EIFGL,Extracellular,Cell.membrane,False,417
381,386,AAFIS,Extracellular,Cell.membrane,False,417
390,395,KPFTA,Extracellular,Cell.membrane,False,417
442,447,AVFAK,Extracellular,Cell.membrane,False,417
234,239,AACQG,Mitochondrion,Extracellular,False,429
12,17,VSCAH,Extracellular,Extracellular,True,434
57,66,VECIDECQT,Extracellular,Extracellular,True,434
76,81,GVCQE,Extracellular,Extracellular,True,434
167,172,DNCDQ,Extracellular,Extracellular,True,434
138,143,QKCTV,Cell.membrane,Extracellular,False,449
404,409,GTCEV,Cell.membrane,Extracellular,False,449
447,455,PVCLSCDV,Cell.membrane,Extracellular,False,449
460,465,NRCTY,Cell.membrane,Extracellular,False,449
478,483,LYCAG,Cell.membrane,Extracellular,False,449
656,661,FKCGI,Cell.membrane,Extracellular,False,449
767,772,ANCLG,Cell.membrane,Extracellular,False,449
1,8,AFLSKFG,Extracellular,Mitochondrion,False,451
8,14,NILKQT,Extracellular,Mitochondrion,False,451
14,21,TNKQLNA,Extracellular,Mitochondrion,False,451
22,27,VSLSS,Extracellular,Mitochondrion,False,451
27,32,PSLFQ,Extracellular,Mitochondrion,False,451
38,44,SSKLFI,Extracellular,Mitochondrion,False,451
53,58,DSLRE,Extracellular,Mitochondrion,False,451
59,64,FTKYG,Extracellular,Mitochondrion,False,451
70,75,VILDR,Extracellular,Mitochondrion,False,451
98,103,QALDG,Extracellular,Mitochondrion,False,451
103,108,RDLHG,Extracellular,Mitochondrion,False,451
109,114,VVKVN,Extracellular,Mitochondrion,False,451
285,294,MEKSETKME,Extracellular,Mitochondrion,False,451
304,309,VAKRA,Extracellular,Mitochondrion,False,451
9,14,PKCLL,Endoplasmic.reticulum,Extracellular,False,460
167,172,PPCLT,Endoplasmic.reticulum,Extracellular,False,460
193,198,LICKE,Endoplasmic.reticulum,Extracellular,False,460
248,253,QACAY,Endoplasmic.reticulum,Extracellular,False,460
329,334,KDCGN,Endoplasmic.reticulum,Extracellular,False,460
500,505,SECIT,Endoplasmic.reticulum,Extracellular,False,460
526,531,LVCKH,Endoplasmic.reticulum,Extracellular,False,460
567,572,KYCSN,Endoplasmic.reticulum,Extracellular,False,460
669,674,GSCEM,Endoplasmic.reticulum,Extracellular,False,460
963,968,EKCKS,Endoplasmic.reticulum,Extracellular,False,460
989,994,LICQK,Endoplasmic.reticulum,Extracellular,False,460
1029,1034,STCEE,Endoplasmic.reticulum,Extracellular,False,460
1144,1149,KDCKL,Endoplasmic.reticulum,Extracellular,False,460
1295,1300,LGCEV,Endoplasmic.reticulum,Extracellular,False,460
1300,1305,EGCSV,Endoplasmic.reticulum,Extracellular,False,460
1454,1459,FGCEV,Endoplasmic.reticulum,Extracellular,False,460
35,40,SVFDL,Nucleus,Cell.membrane,False,471
44,49,YTFEV,Nucleus,Cell.membrane,False,471
56,61,LPFVL,Nucleus,Cell.membrane,False,471
62,67,AVFTI,Nucleus,Cell.membrane,False,471
116,121,EVFRG,Nucleus,Cell.membrane,False,471
122,127,KEFKQ,Nucleus,Cell.membrane,False,471
127,132,EVFGK,Nucleus,Cell.membrane,False,471
137,142,NQFGL,Nucleus,Cell.membrane,False,471
158,163,EYFSY,Nucleus,Cell.membrane,False,471
231,236,KVFEN,Nucleus,Cell.membrane,False,471
295,300,AEFLS,Nucleus,Cell.membrane,False,471
343,348,ATFYA,Nucleus,Cell.membrane,False,471
392,397,RDFLM,Nucleus,Cell.membrane,False,471
400,405,GMFQE,Nucleus,Cell.membrane,False,471
448,453,PLFKT,Nucleus,Cell.membrane,False,471
50,55,RACSK,Extracellular,Extracellular,True,484
58,70,ESCTNNCECCGA,Extracellular,Extracellular,True,484
71,76,VVCAS,Extracellular,Extracellular,True,484
84,89,KSCKS,Extracellular,Extracellular,True,484
111,115,SLCV,Extracellular,Extracellular,True,484
20,25,EIGLN,Nucleus,Extracellular,False,487
57,65,FYGLMGKR,Nucleus,Extracellular,False,487
65,72,NNGFGQM,Nucleus,Extracellular,False,487
186,191,MDCNG,Extracellular,Extracellular,True,513
218,223,LDCNG,Extracellular,Extracellular,True,513
297,302,SICTI,Extracellular,Extracellular,True,513
368,373,GLCDT,Extracellular,Extracellular,True,513
1,9,HCFPCFSS,Nucleus,Cell.membrane,False,519
49,56,KIFTFRE,Nucleus,Cell.membrane,False,519
61,66,KNFRQ,Nucleus,Cell.membrane,False,519
72,77,GGFGR,Nucleus,Cell.membrane,False,519
103,108,KEFQA,Nucleus,Cell.membrane,False,519
200,205,DDFSP,Nucleus,Cell.membrane,False,519
207,212,SDFGL,Nucleus,Cell.membrane,False,519
253,258,YSFGV,Nucleus,Cell.membrane,False,519
286,291,PIFRD,Nucleus,Cell.membrane,False,519
304,309,NKFSE,Nucleus,Cell.membrane,False,519
339,344,LSFLS,Nucleus,Cell.membrane,False,519
357,362,LSFKD,Nucleus,Cell.membrane,False,519
527,532,VYFDN,Nucleus,Cell.membrane,False,519
30,35,SKCPL,Extracellular,Extracellular,True,529
19,24,SICEE,Nucleus,Extracellular,False,538
33,38,CAFKD,Cytoplasm,Cell.membrane,False,539
112,117,YRFCC,Cytoplasm,Cell.membrane,False,539
124,133,VNFTENFPP,Cytoplasm,Cell.membrane,False,539
142,147,HSFNR,Cytoplasm,Cell.membrane,False,539
167,172,LCFGY,Cytoplasm,Cell.membrane,False,539
229,236,KVFSFAN,Cytoplasm,Cell.membrane,False,539
237,242,QNFIN,Cytoplasm,Cell.membrane,False,539
257,262,ARFIV,Cytoplasm,Cell.membrane,False,539
349,354,SDFGL,Cytoplasm,Cell.membrane,False,539
414,419,EIFMR,Cytoplasm,Cell.membrane,False,539
421,426,DLFPG,Cytoplasm,Cell.membrane,False,539
433,438,MAFQT,Cytoplasm,Cell.membrane,False,539
443,448,PTFED,Cytoplasm,Cell.membrane,False,539
459,464,PKFPE,Cytoplasm,Cell.membrane,False,539
690,695,KQFSG,Cytoplasm,Cell.membrane,False,539
720,725,QDFTQ,Cytoplasm,Cell.membrane,False,539
770,775,LKFGS,Cytoplasm,Cell.membrane,False,539
848,853,NQFIG,Cytoplasm,Cell.membrane,False,539
64,69,CCFLL,Extracellular,Cell.membrane,False,586
16,24,LACDSCSE,Extracellular,Extracellular,True,591
106,111,IDCGD,Extracellular,Extracellular,True,591
303,308,RYCET,Extracellular,Extracellular,True,591
409,414,LGCVP,Extracellular,Extracellular,True,591
415,423,TYCMSCVP,Extracellular,Extracellular,True,591
525,530,EVCAN,Extracellular,Extracellular,True,591
660,665,PNCTT,Extracellular,Extracellular,True,591
169,174,GKCEV,Cytoplasm,Extracellular,False,601
208,213,NKCEQ,Cytoplasm,Extracellular,False,601
428,433,EPCII,Cytoplasm,Extracellular,False,601
679,684,LRCAA,Cytoplasm,Extracellular,False,601
1100,1105,LFCNS,Cytoplasm,Extracellular,False,601
1285,1290,KKCRQ,Cytoplasm,Extracellular,False,601
1299,1304,PACQK,Cytoplasm,Extracellular,False,601
1410,1415,SVCVL,Cytoplasm,Extracellular,False,601
1432,1437,GKCWH,Cytoplasm,Extracellular,False,601
1491,1496,GDCLE,Cytoplasm,Extracellular,False,601
1557,1562,GLCGN,Cytoplasm,Extracellular,False,601
1574,1579,ENCIL,Cytoplasm,Extracellular,False,601
1593,1598,ESCQG,Cytoplasm,Extracellular,False,601
1609,1614,STCMS,Cytoplasm,Extracellular,False,601
24,32,GDCEVCIS,Nucleus,Extracellular,False,603
58,63,KFCRE,Nucleus,Extracellular,False,603
69,74,RLCYY,Nucleus,Extracellular,False,603
100,105,KICEK,Nucleus,Extracellular,False,603
111,116,QICEL,Nucleus,Extracellular,False,603
145,153,EMCKGCAE,Nucleus,Extracellular,False,603
21,26,KRCYQ,Mitochondrion,Extracellular,False,626
115,120,DLCSL,Extracellular,Extracellular,True,627
328,333,LACFD,Extracellular,Extracellular,True,627
357,362,DGCHK,Extracellular,Extracellular,True,627
3,8,RICTS,Cytoplasm,Extracellular,False,633
15,20,ALCVS,Cytoplasm,Extracellular,False,633
3,8,FICHV,Cell.membrane,Extracellular,False,722
17,22,IICQD,Cell.membrane,Extracellular,False,722
149,154,QSCTD,Cell.membrane,Extracellular,False,722
158,163,TVCDP,Cell.membrane,Extracellular,False,722
171,176,GQCNN,Cell.membrane,Extracellular,False,722
272,278,SHCCLE,Cell.membrane,Extracellular,False,722
281,286,EECFN,Cell.membrane,Extracellular,False,722
296,301,GSCIR,Cell.membrane,Extracellular,False,722
310,315,YFCNP,Cell.membrane,Extracellular,False,722
370,375,PPCFP,Cell.membrane,Extracellular,False,722
377,382,NRCFE,Cell.membrane,Extracellular,False,722
558,563,FPCED,Cell.membrane,Extracellular,False,722
563,568,PDCPM,Cell.membrane,Extracellular,False,722
598,603,YWCTG,Cell.membrane,Extracellular,False,722
657,662,LSCII,Cell.membrane,Extracellular,False,722
701,706,ILCST,Cell.membrane,Extracellular,False,722
727,732,VNCDE,Cell.membrane,Extracellular,False,722
60,65,AHFRT,Extracellular,Cell.membrane,False,745
167,175,RGFPGFPG,Extracellular,Cell.membrane,False,745
256,261,RTFQG,Extracellular,Cell.membrane,False,745
599,604,KGFQG,Extracellular,Cell.membrane,False,745
16,21,LVCGS,Nucleus,Extracellular,False,751
174,179,VYCEL,Nucleus,Extracellular,False,751
278,283,QKCKA,Nucleus,Extracellular,False,751
646,651,SFCKM,Nucleus,Extracellular,False,751
756,761,IACKE,Nucleus,Extracellular,False,751
802,807,QACNF,Nucleus,Extracellular,False,751
909,914,MRCPE,Nucleus,Extracellular,False,751
42,47,TACGN,Extracellular,Extracellular,True,758
50,56,VSCCNT,Extracellular,Extracellular,True,758
85,90,KGCSK,Extracellular,Extracellular,True,758
104,109,SNCKT,Extracellular,Extracellular,True,758
110,116,VSCCKV,Extracellular,Extracellular,True,758
130,135,LKCAA,Extracellular,Extracellular,True,758
69,74,DGCLH,Extracellular,Extracellular,True,777
80,89,VLCPTGCKL,Extracellular,Extracellular,True,777
197,210,EYCRTPCTVTCNI,Extracellular,Extracellular,True,777
215,220,KECEK,Extracellular,Extracellular,True,777
244,249,VYCDM,Extracellular,Extracellular,True,777
290,295,KYCGV,Extracellular,Extracellular,True,777
398,403,KQCSK,Extracellular,Extracellular,True,777
411,416,NRCHA,Extracellular,Extracellular,True,777
9,14,GVFLA,Cell.membrane,Cell.membrane,True,778
224,229,EVFIQ,Cell.membrane,Cell.membrane,True,778
244,249,KPFAA,Cell.membrane,Cell.membrane,True,778
275,280,DRFQV,Cell.membrane,Cell.membrane,True,778
352,357,ITFRR,Cell.membrane,Cell.membrane,True,778
378,383,PNFDE,Cell.membrane,Cell.membrane,True,778
423,432,VEFAPDFSH,Cell.membrane,Cell.membrane,True,778
437,442,PVFSW,Cell.membrane,Cell.membrane,True,778
524,529,PDFVS,Cell.membrane,Cell.membrane,True,778
540,545,MTFDI,Cell.membrane,Cell.membrane,True,778
595,602,YSFRFAA,Cell.membrane,Cell.membrane,True,778
649,654,DHFEL,Cell.membrane,Cell.membrane,True,778
698,703,TSFEM,Cell.membrane,Cell.membrane,True,778
752,757,AGFNS,Cell.membrane,Cell.membrane,True,778
764,769,RLFTT,Cell.membrane,Cell.membrane,True,778
20,25,YICIY,Extracellular,Extracellular,True,783
7,12,LLCLA,Extracellular,Extracellular,True,845
27,32,SKCPL,Extracellular,Extracellular,True,845
4,9,SVCLF,Extracellular,Extracellular,True,854
12,17,AGCLG,Extracellular,Extracellular,True,854
152,157,RPCER,Extracellular,Extracellular,True,854
166,171,RVCKG,Extracellular,Extracellular,True,854
242,247,ERCTG,Extracellular,Extracellular,True,854
251,256,LECRR,Extracellular,Extracellular,True,854
78,83,SKCFY,Extracellular,Extracellular,True,859
86,91,TECDL,Extracellular,Extracellular,True,859
47,52,GVCGN,Extracellular,Extracellular,True,878
114,119,GPCRM,Extracellular,Extracellular,True,878
273,278,NGCVD,Extracellular,Extracellular,True,878
316,321,GGCLD,Extracellular,Extracellular,True,878
323,328,LECHA,Extracellular,Extracellular,True,878
345,350,YVCER,Extracellular,Extracellular,True,878
352,357,SYCNT,Extracellular,Extracellular,True,878
374,379,AQCHL,Extracellular,Extracellular,True,878
453,458,FICNW,Extracellular,Extracellular,True,878
566,571,PTCNF,Extracellular,Extracellular,True,878
575,580,MSCAK,Extracellular,Extracellular,True,878
605,610,GECPT,Extracellular,Extracellular,True,878
70,75,SSCSS,Extracellular,Extracellular,True,882
79,84,DLCFS,Extracellular,Extracellular,True,882
138,143,HDCLE,Extracellular,Extracellular,True,882
186,191,GTCLD,Extracellular,Extracellular,True,882
214,219,KMCSN,Extracellular,Extracellular,True,882
391,396,YNCDM,Extracellular,Extracellular,True,882
412,417,VNCLI,Extracellular,Extracellular,True,882
432,437,QNCDI,Extracellular,Extracellular,True,882
15,20,SHCAS,Mitochondrion,Extracellular,False,889
313,318,SQCVV,Mitochondrion,Extracellular,False,889
318,323,FLCET,Mitochondrion,Extracellular,False,889
6,11,LVCLG,Cytoplasm,Extracellular,False,914
11,16,IVCQG,Cytoplasm,Extracellular,False,914
115,120,DDCSG,Cytoplasm,Extracellular,False,914
129,134,DKCDR,Cytoplasm,Extracellular,False,914
147,152,PMCSP,Cytoplasm,Extracellular,False,914
192,197,LDCNT,Cytoplasm,Extracellular,False,914
326,331,LGCWN,Cytoplasm,Extracellular,False,914
413,418,TRCEN,Cytoplasm,Extracellular,False,914
0,4,MCGV,Extracellular,Extracellular,True,935
19,24,PSCSA,Extracellular,Extracellular,True,935
45,50,SSCPL,Extracellular,Extracellular,True,935
115,120,FGCIV,Extracellular,Extracellular,True,935
300,309,GICGANCTG,Extracellular,Extracellular,True,935
310,315,DNCFI,Extracellular,Extracellular,True,935
358,363,YSCNG,Extracellular,Extracellular,True,935
394,399,YGCLV,Extracellular,Extracellular,True,935
241,246,ETCKS,Extracellular,Extracellular,True,952
308,313,YQCLS,Extracellular,Extracellular,True,952
325,330,TQCNA,Extracellular,Extracellular,True,952
338,341,LNC,Extracellular,Extracellular,True,952
250,255,PFCYG,Cytoplasm,Extracellular,False,956
273,278,NACSD,Cytoplasm,Extracellular,False,956
19,24,SICEE,Nucleus,Extracellular,False,964
8,16,YYCLACFL,Nucleus,Extracellular,False,967
118,123,SYCKR,Nucleus,Extracellular,False,967
126,131,SSCRL,Nucleus,Extracellular,False,967
338,343,RVCSR,Nucleus,Extracellular,False,967
367,376,YYCSGACEF,Nucleus,Extracellular,False,967
404,410,EPCCTP,Nucleus,Extracellular,False,967
437,443,ESCSCR,Nucleus,Extracellular,False,967
9,14,LLCAA,Extracellular,Extracellular,True,973
19,24,FDCKA,Extracellular,Extracellular,True,973
43,48,SNCPK,Extracellular,Extracellular,True,973
54,59,FDCKS,Extracellular,Extracellular,True,973
38,43,KECVP,Extracellular,Extracellular,True,1053
10,15,DNCAP,Cell.membrane,Extracellular,False,1075
21,26,QFCIH,Cell.membrane,Extracellular,False,1075
36,41,LMCLA,Cell.membrane,Extracellular,False,1075
54,59,RFCSG,Cell.membrane,Extracellular,False,1075
303,308,QRCQL,Cell.membrane,Extracellular,False,1075
363,368,HSCVQ,Cell.membrane,Extracellular,False,1075
530,535,GNCTG,Cell.membrane,Extracellular,False,1075
536,541,GPCLD,Cell.membrane,Extracellular,False,1075
729,734,TGCAS,Cell.membrane,Extracellular,False,1075
812,817,LPCLG,Cell.membrane,Extracellular,False,1075
894,899,SECNK,Cell.membrane,Extracellular,False,1075
47,52,DLCNI,Extracellular,Extracellular,True,1085
109,117,PQCNSCEV,Extracellular,Extracellular,True,1085
244,249,FVCTG,Extracellular,Extracellular,True,1085
251,257,VQCCEA,Extracellular,Extracellular,True,1085
275,280,GHCTW,Extracellular,Extracellular,True,1085
155,160,SNCTS,Mitochondrion,Extracellular,False,1096
231,236,AACQG,Mitochondrion,Extracellular,False,1096
19,24,SICEE,Nucleus,Extracellular,False,1113
34,39,DEGPN,Nucleus,Extracellular,False,1118
43,48,PEGSV,Nucleus,Extracellular,False,1118
74,79,NTGDK,Nucleus,Extracellular,False,1118
79,85,FYGLMG,Nucleus,Extracellular,False,1118
60,65,NACTA,Nucleus,Extracellular,False,1124
66,71,DQCIA,Nucleus,Extracellular,False,1124
232,237,SHCSY,Nucleus,Extracellular,False,1124
367,372,DSCRD,Nucleus,Extracellular,False,1124
372,377,KECTL,Nucleus,Extracellular,False,1124
454,459,TNCLQ,Nucleus,Extracellular,False,1124
554,559,IVCKA,Nucleus,Extracellular,False,1124
560,564,SPCT,Nucleus,Extracellular,False,1124
0,5,MVCLK,Extracellular,Extracellular,True,1174
233,238,NYCVQ,Extracellular,Extracellular,True,1174
297,302,AVCTV,Extracellular,Extracellular,True,1174
367,372,QVCDR,Extracellular,Extracellular,True,1174
11,16,NLFGL,Cell.membrane,Cell.membrane,True,1219
19,24,LYFWG,Cell.membrane,Cell.membrane,True,1219
62,68,NQFFVL,Cell.membrane,Cell.membrane,True,1219
103,108,IVFTI,Cell.membrane,Cell.membrane,True,1219
147,152,SEFII,Cell.membrane,Cell.membrane,True,1219
161,166,PKFLD,Cell.membrane,Cell.membrane,True,1219
210,215,PYFSV,Cell.membrane,Cell.membrane,True,1219
270,275,PRFPQ,Cell.membrane,Cell.membrane,True,1219
318,323,DVFDI,Cell.membrane,Cell.membrane,True,1219
339,344,LSFES,Cell.membrane,Cell.membrane,True,1219
360,365,MRFLN,Cell.membrane,Cell.membrane,True,1219
366,371,GPFRD,Cell.membrane,Cell.membrane,True,1219
385,396,PVFEPSFYFVE,Cell.membrane,Cell.membrane,True,1219
432,438,GRFFYV,Cell.membrane,Cell.membrane,True,1219
490,502,PEFARFYEAFVC,Cell.membrane,Cell.membrane,True,1219
525,530,QHFYY,Cell.membrane,Cell.membrane,True,1219
539,544,PNFTL,Cell.membrane,Cell.membrane,True,1219
558,563,SGFRQ,Cell.membrane,Cell.membrane,True,1219
566,571,NIFYL,Cell.membrane,Cell.membrane,True,1219
626,631,CIFVL,Cell.membrane,Cell.membrane,True,1219
674,679,EAFDI,Cell.membrane,Cell.membrane,True,1219
736,741,PPFDS,Cell.membrane,Cell.membrane,True,1219
744,749,YMFEG,Cell.membrane,Cell.membrane,True,1219
778,783,PRFKK,Cell.membrane,Cell.membrane,True,1219
13,18,LACFQ,Extracellular,Extracellular,True,1232
18,29,ANCPGRCSCDS,Cytoplasm,Extracellular,False,1240
32,37,VQCYR,Cytoplasm,Extracellular,False,1240
126,131,AICAL,Cytoplasm,Extracellular,False,1240
302,307,LDCSS,Cytoplasm,Extracellular,False,1240
342,347,QRCSQ,Cytoplasm,Extracellular,False,1240
426,433,WNCTCSL,Cytoplasm,Extracellular,False,1240
449,454,GQCAA,Cytoplasm,Extracellular,False,1240
470,475,RQCEH,Cytoplasm,Extracellular,False,1240
426,431,DGCFE,Extracellular,Extracellular,True,1258
453,458,SRCLA,Extracellular,Extracellular,True,1258
583,588,QPCLP,Extracellular,Extracellular,True,1258
608,613,NKCEI,Extracellular,Extracellular,True,1258
640,643,AGC,Extracellular,Extracellular,True,1258
435,440,RRCQF,Cell.membrane,Extracellular,False,1261
466,471,LKCAD,Cell.membrane,Extracellular,False,1261
477,484,TTCLCSI,Cell.membrane,Extracellular,False,1261
489,494,AQCSP,Cell.membrane,Extracellular,False,1261
569,574,TNCVA,Cell.membrane,Extracellular,False,1261
657,662,GGCGN,Cell.membrane,Extracellular,False,1261
674,679,YTCIP,Cell.membrane,Extracellular,False,1261
100,105,VDCQV,Extracellular,Extracellular,True,1276
112,117,DFCKQ,Extracellular,Extracellular,True,1276
309,314,VDCNL,Extracellular,Extracellular,True,1276
347,352,DKCQL,Extracellular,Extracellular,True,1276
4,9,HWCLL,Nucleus,Extracellular,False,1294
79,84,TPCDA,Nucleus,Extracellular,False,1294
209,214,QYCVV,Nucleus,Extracellular,False,1294
222,227,SLCAV,Nucleus,Extracellular,False,1294
289,294,KICIG,Nucleus,Extracellular,False,1294
378,383,HSCLD,Nucleus,Extracellular,False,1294
459,464,RTCSS,Nucleus,Extracellular,False,1294
476,481,KFCIY,Nucleus,Extracellular,False,1294
498,503,NQCLG,Nucleus,Extracellular,False,1294
512,517,VLCKY,Nucleus,Extracellular,False,1294
565,568,KFC,Nucleus,Extracellular,False,1294
13,18,FACIA,Nucleus,Extracellular,False,1296
174,179,IDCGI,Cytoplasm,Extracellular,False,1306
187,192,AFCLW,Cytoplasm,Extracellular,False,1306
246,251,NRCVG,Cytoplasm,Extracellular,False,1306
261,266,HWCEK,Cytoplasm,Extracellular,False,1306
270,275,SSCSE,Cytoplasm,Extracellular,False,1306
275,280,TYCGL,Cytoplasm,Extracellular,False,1306
401,406,PTCAE,Cytoplasm,Extracellular,False,1306
4,9,LLCIV,Extracellular,Extracellular,True,1309
9,14,PYCWS,Extracellular,Extracellular,True,1309
277,282,AVCQF,Extracellular,Extracellular,True,1309
303,308,TDCAK,Extracellular,Extracellular,True,1309
329,334,GDCSS,Extracellular,Extracellular,True,1309
402,405,KQC,Extracellular,Extracellular,True,1309
20,25,MEGKV,Extracellular,Extracellular,True,1321
27,32,PIGIP,Extracellular,Extracellular,True,1321
38,43,IVGKQ,Extracellular,Extracellular,True,1321
48,53,AKGQT,Extracellular,Extracellular,True,1321
55,60,AYCQP,Extracellular,Extracellular,True,1333
87,92,QSCYI,Extracellular,Extracellular,True,1333
98,103,QNCEA,Extracellular,Extracellular,True,1333
108,113,HTCQS,Extracellular,Extracellular,True,1333
206,211,PQCPI,Extracellular,Extracellular,True,1333
239,244,VPCAL,Extracellular,Extracellular,True,1333
327,332,DGCTY,Extracellular,Extracellular,True,1333
343,348,APCPS,Extracellular,Extracellular,True,1333
388,393,GQCGG,Extracellular,Extracellular,True,1333
399,404,TQCVP,Extracellular,Extracellular,True,1333
405,410,YQCVK,Extracellular,Extracellular,True,1333
415,419,SSCR,Extracellular,Extracellular,True,1333
472,477,LDCGV,Cytoplasm,Extracellular,False,1376
495,500,DWCAP,Cytoplasm,Extracellular,False,1376
593,598,TYCLM,Cytoplasm,Extracellular,False,1376
600,605,SGCEL,Cytoplasm,Extracellular,False,1376
127,132,RWFQR,Nucleus,Cell.membrane,False,1377
146,150,SDFS,Nucleus,Cell.membrane,False,1377
55,60,KRCIG,Extracellular,Extracellular,True,1396
62,67,VPCDK,Extracellular,Extracellular,True,1396
69,75,PRCCRE,Extracellular,Extracellular,True,1396
75,80,YECLK,Extracellular,Extracellular,True,1396
90,95,YYCYR,Extracellular,Extracellular,True,1396
142,147,EWCRN,Extracellular,Extracellular,True,1399
298,303,TACNW,Extracellular,Extracellular,True,1399
323,328,TDCAK,Extracellular,Extracellular,True,1399
343,348,DNCPY,Extracellular,Extracellular,True,1399
349,354,DSCLS,Extracellular,Extracellular,True,1399
387,392,FWCWK,Extracellular,Extracellular,True,1399
420,425,NQCGY,Extracellular,Extracellular,True,1399
3,8,SSCVL,Extracellular,Extracellular,True,1455
43,51,VHCADCPE,Extracellular,Extracellular,True,1455
51,59,GNCYKCTL,Extracellular,Extracellular,True,1455
90,95,KQCTV,Extracellular,Extracellular,True,1455
154,159,EACKN,Extracellular,Extracellular,True,1455
23,28,WYFRA,Nucleus,Cell.membrane,False,1477
48,53,SMFLL,Nucleus,Cell.membrane,False,1477
88,93,QVFLR,Nucleus,Cell.membrane,False,1477
116,121,LVFLP,Nucleus,Cell.membrane,False,1477
19,24,GSCSE,Extracellular,Extracellular,True,1497
113,118,FKCGI,Extracellular,Extracellular,True,1497
160,165,QMCGS,Extracellular,Extracellular,True,1497
176,181,AHCFM,Extracellular,Extracellular,True,1497
248,253,YACLP,Extracellular,Extracellular,True,1497
262,267,TICWS,Extracellular,Extracellular,True,1497
292,297,KRCKE,Extracellular,Extracellular,True,1497
307,312,TICGG,Extracellular,Extracellular,True,1497
317,322,DTCQG,Extracellular,Extracellular,True,1497
327,332,LFCKE,Extracellular,Extracellular,True,1497
346,351,SVCGS,Extracellular,Extracellular,True,1497
365,371,WLCCYM,Extracellular,Extracellular,True,1497
374,379,PSCED,Extracellular,Extracellular,True,1497
379,384,IECDE,Extracellular,Extracellular,True,1497
31,36,LQFMY,Nucleus,Cell.membrane,False,1519
36,41,DEFVE,Nucleus,Cell.membrane,False,1519
80,85,NYFRS,Nucleus,Cell.membrane,False,1519
86,95,EGFLLVFSI,Nucleus,Cell.membrane,False,1519
98,103,ESFTA,Nucleus,Cell.membrane,False,1519
104,109,AEFRE,Nucleus,Cell.membrane,False,1519
166,172,KVFFDL,Nucleus,Cell.membrane,False,1519
196,201,KSFKE,Nucleus,Cell.membrane,False,1519
16,21,AAGQS,Cytoplasm,Extracellular,False,1601
30,35,DAGST,Cytoplasm,Extracellular,False,1601
51,56,ILGQM,Cytoplasm,Extracellular,False,1601
62,67,RTGNP,Cytoplasm,Extracellular,False,1601
77,82,ALGSL,Cytoplasm,Extracellular,False,1601
83,88,KWGSL,Cytoplasm,Extracellular,False,1601
93,98,ILGAI,Cytoplasm,Extracellular,False,1601
133,138,PLGQL,Cytoplasm,Extracellular,False,1601
153,162,DLGPQVGSF,Cytoplasm,Extracellular,False,1601
171,179,VPGLLGAA,Cytoplasm,Extracellular,False,1601
215,220,ILGQA,Cytoplasm,Extracellular,False,1601
238,243,LLGQS,Cytoplasm,Extracellular,False,1601
262,267,FPGMT,Cytoplasm,Extracellular,False,1601
272,277,AAGTD,Cytoplasm,Extracellular,False,1601
384,389,QNGDS,Cytoplasm,Extracellular,False,1601
432,437,NSGIN,Cytoplasm,Extracellular,False,1601
477,482,EKGKQ,Cytoplasm,Extracellular,False,1601
651,656,QQGLM,Cytoplasm,Extracellular,False,1601
808,813,QQGPM,Cytoplasm,Extracellular,False,1601
837,845,LVGEAGPQ,Cytoplasm,Extracellular,False,1601
848,853,NEGTA,Cytoplasm,Extracellular,False,1601
858,866,ALGVGGNK,Cytoplasm,Extracellular,False,1601
893,907,SYGTSYGGGGYGSN,Cytoplasm,Extracellular,False,1601
907,912,AYGVP,Cytoplasm,Extracellular,False,1601
919,924,SQGYR,Cytoplasm,Extracellular,False,1601
925,930,AVGND,Cytoplasm,Extracellular,False,1601
13,18,FVCAL,Nucleus,Extracellular,False,1602
3,8,KHCLL,Cell.membrane,Extracellular,False,1610
74,79,VDCWG,Cell.membrane,Extracellular,False,1610
82,87,LFCDL,Cell.membrane,Extracellular,False,1610
103,108,TACAG,Cell.membrane,Extracellular,False,1610
202,207,SYCVV,Cell.membrane,Extracellular,False,1610
223,228,ERCVH,Cell.membrane,Extracellular,False,1610
30,35,VIGAK,Extracellular,Extracellular,True,1632
35,40,KPGAA,Extracellular,Extracellular,True,1632
64,69,EAGLA,Extracellular,Extracellular,True,1632
96,101,TTCTK,Extracellular,Extracellular,True,1647
106,111,DNCPF,Extracellular,Extracellular,True,1647
120,125,AFCSF,Extracellular,Extracellular,True,1647
140,145,STCQD,Extracellular,Extracellular,True,1647
102,107,NVCNY,Cell.membrane,Extracellular,False,1653
109,114,VFCSK,Cell.membrane,Extracellular,False,1653
156,161,RFCGT,Cell.membrane,Extracellular,False,1653
252,257,HGCIP,Cell.membrane,Extracellular,False,1653
276,281,NSCLP,Cell.membrane,Extracellular,False,1653
330,335,SICQL,Cell.membrane,Extracellular,False,1653
352,357,PVCLR,Cell.membrane,Extracellular,False,1653
364,369,RNCLP,Cell.membrane,Extracellular,False,1653
377,382,RQCSA,Cell.membrane,Extracellular,False,1653
388,393,VDCGS,Cell.membrane,Extracellular,False,1653
393,398,FGCGR,Cell.membrane,Extracellular,False,1653
24,29,GVCYG,Cell.membrane,Extracellular,False,1659
31,36,SVCTA,Cell.membrane,Extracellular,False,1664
167,172,DLCEG,Cell.membrane,Extracellular,False,1664
274,279,LDCEV,Cell.membrane,Extracellular,False,1664
285,294,GLCGGPCGK,Cell.membrane,Extracellular,False,1664
312,317,TPCPE,Cell.membrane,Extracellular,False,1664
321,326,AECAP,Cell.membrane,Extracellular,False,1664
326,330,DNCV,Cell.membrane,Extracellular,False,1664
0,4,MCTR,Nucleus,Extracellular,False,1669
14,19,TSCAS,Nucleus,Extracellular,False,1669
638,643,ALCAE,Nucleus,Extracellular,False,1669
649,654,DDCAD,Nucleus,Extracellular,False,1669
19,24,STCRS,Extracellular,Extracellular,True,1671
100,105,EACSS,Extracellular,Extracellular,True,1671
127,132,GPCRS,Extracellular,Extracellular,True,1671
183,188,SSCKI,Extracellular,Extracellular,True,1671
191,196,LPCRD,Extracellular,Extracellular,True,1671
203,208,WNCKN,Extracellular,Extracellular,True,1671
226,231,ESCTN,Extracellular,Extracellular,True,1671
269,274,DDCIS,Extracellular,Extracellular,True,1671
286,291,ITCGP,Extracellular,Extracellular,True,1671
359,364,NYCDR,Extracellular,Extracellular,True,1671
365,370,EPCIQ,Extracellular,Extracellular,True,1671
396,401,FDCST,Extracellular,Extracellular,True,1671
402,407,FPCEG,Extracellular,Extracellular,True,1671
424,429,ATCKN,Extracellular,Extracellular,True,1671
439,444,PHCTS,Extracellular,Extracellular,True,1671
6,11,QSCVH,Nucleus,Extracellular,False,1676
71,76,IACRD,Nucleus,Extracellular,False,1676
95,103,NLCFCCVE,Nucleus,Extracellular,False,1676
170,175,VRCKK,Cell.membrane,Extracellular,False,1683
178,183,QDCMS,Cell.membrane,Extracellular,False,1683
665,670,SLCER,Cell.membrane,Extracellular,False,1683
734,739,PVCFY,Cell.membrane,Extracellular,False,1683
819,824,VYCSY,Cell.membrane,Extracellular,False,1683
888,893,SRCPE,Cell.membrane,Extracellular,False,1683
896,901,FSCFG,Cell.membrane,Extracellular,False,1683
902,907,QECIP,Cell.membrane,Extracellular,False,1683
909,914,RWCDN,Cell.membrane,Extracellular,False,1683
915,920,VDCSD,Cell.membrane,Extracellular,False,1683
924,931,SACTCAD,Cell.membrane,Extracellular,False,1683
936,941,RLCDG,Cell.membrane,Extracellular,False,1683
942,947,EDCPM,Cell.membrane,Extracellular,False,1683
951,959,LGCFGCES,Cell.membrane,Extracellular,False,1683
961,966,YSCYE,Cell.membrane,Extracellular,False,1683
979,984,SMCYS,Cell.membrane,Extracellular,False,1683
986,991,ERCDG,Cell.membrane,Extracellular,False,1683
992,997,MNCLN,Cell.membrane,Extracellular,False,1683
1001,1006,EQCSM,Cell.membrane,Extracellular,False,1683
1035,1040,PVCNN,Cell.membrane,Extracellular,False,1683
1046,1051,LACQM,Cell.membrane,Extracellular,False,1683
1088,1093,QACHG,Cell.membrane,Extracellular,False,1683
1106,1111,VKCPP,Cell.membrane,Extracellular,False,1683
1111,1116,MQCGL,Cell.membrane,Extracellular,False,1683
1167,1172,FHCGG,Cell.membrane,Extracellular,False,1683
1183,1188,AHCVI,Cell.membrane,Extracellular,False,1683
1250,1255,PICLP,Cell.membrane,Extracellular,False,1683
1273,1278,TLCTV,Cell.membrane,Extracellular,False,1683
1302,1307,KKCTD,Cell.membrane,Extracellular,False,1683
1314,1319,DICAG,Cell.membrane,Extracellular,False,1683
1325,1330,DACQG,Cell.membrane,Extracellular,False,1683
1335,1340,LFCRS,Cell.membrane,Extracellular,False,1683
1356,1361,NGCAR,Cell.membrane,Extracellular,False,1683
1393,1398,QLCPG,Cell.membrane,Extracellular,False,1683
1398,1403,FICVW,Cell.membrane,Extracellular,False,1683
1405,1410,KRCIA,Cell.membrane,Extracellular,False,1683
1412,1417,QRCDR,Cell.membrane,Extracellular,False,1683
1418,1423,VDCLG,Cell.membrane,Extracellular,False,1683
1427,1432,VGCTY,Cell.membrane,Extracellular,False,1683
1712,1717,FVCKK,Cell.membrane,Extracellular,False,1683
1725,1730,MRCDR,Cell.membrane,Extracellular,False,1683
1731,1736,VDCED,Cell.membrane,Extracellular,False,1683
1740,1747,LDCTCKD,Cell.membrane,Extracellular,False,1683
1755,1760,LICDG,Cell.membrane,Extracellular,False,1683
1761,1766,ADCED,Cell.membrane,Extracellular,False,1683
1770,1778,QNCVECQS,Cell.membrane,Extracellular,False,1683
1780,1785,FRCPL,Cell.membrane,Extracellular,False,1683
1786,1791,KTCLP,Cell.membrane,Extracellular,False,1683
1793,1798,SRCDN,Cell.membrane,Extracellular,False,1683
1799,1804,VDCKF,Cell.membrane,Extracellular,False,1683
1808,1813,KDCFA,Cell.membrane,Extracellular,False,1683
1845,1850,VVCAH,Cell.membrane,Extracellular,False,1683
1863,1868,AVCAL,Cell.membrane,Extracellular,False,1683
1941,1946,RKCVG,Cell.membrane,Extracellular,False,1683
1948,1953,VECNP,Cell.membrane,Extracellular,False,1683
2052,2057,LWCIG,Cell.membrane,Extracellular,False,1683
2068,2073,ESCLS,Cell.membrane,Extracellular,False,1683
2105,2110,VDCFE,Cell.membrane,Extracellular,False,1683
2148,2153,RQCIS,Cell.membrane,Extracellular,False,1683
2174,2182,TNCDSCYK,Cell.membrane,Extracellular,False,1683
2227,2232,TTCNQ,Cell.membrane,Extracellular,False,1683
2250,2255,LVCRD,Cell.membrane,Extracellular,False,1683
2270,2275,SDCQS,Cell.membrane,Extracellular,False,1683
2298,2303,PSCKM,Cell.membrane,Extracellular,False,1683
2307,2312,PDCST,Cell.membrane,Extracellular,False,1683
2312,2317,HRCPL,Cell.membrane,Extracellular,False,1683
2317,2322,GTCLP,Cell.membrane,Extracellular,False,1683
2324,2329,AMCNG,Cell.membrane,Extracellular,False,1683
2330,2335,SDCHD,Cell.membrane,Extracellular,False,1683
2341,2346,TKCRQ,Cell.membrane,Extracellular,False,1683
2348,2353,QQCAP,Cell.membrane,Extracellular,False,1683
2355,2360,MKCRT,Cell.membrane,Extracellular,False,1683
2361,2366,FKCVP,Cell.membrane,Extracellular,False,1683
2368,2373,KFCDH,Cell.membrane,Extracellular,False,1683
2374,2379,PDCED,Cell.membrane,Extracellular,False,1683
2384,2391,TICSCFT,Cell.membrane,Extracellular,False,1683
2399,2404,KICDG,Cell.membrane,Extracellular,False,1683
2405,2410,RNCWD,Cell.membrane,Extracellular,False,1683
2416,2423,VLCNCTA,Cell.membrane,Extracellular,False,1683
2425,2430,FQCSS,Cell.membrane,Extracellular,False,1683
2432,2437,EDCIP,Cell.membrane,Extracellular,False,1683
2439,2444,FVCDK,Cell.membrane,Extracellular,False,1683
2445,2450,KDCPN,Cell.membrane,Extracellular,False,1683
2454,2459,RYCFG,Cell.membrane,Extracellular,False,1683
2498,2503,TKCFP,Cell.membrane,Extracellular,False,1683
2514,2519,EICKK,Cell.membrane,Extracellular,False,1683
2605,2610,SMCYR,Cell.membrane,Extracellular,False,1683
2612,2616,IRCA,Cell.membrane,Extracellular,False,1683
478,483,SACDH,Cell.membrane,Extracellular,False,1695
495,500,RFCSM,Cell.membrane,Extracellular,False,1695
577,582,RTCYF,Cell.membrane,Extracellular,False,1695
585,590,YTCAN,Cell.membrane,Extracellular,False,1695
1,8,GMLELVG,Nucleus,Mitochondrion,False,1706
11,17,EQLKIT,Nucleus,Mitochondrion,False,1706
33,38,EEKAA,Nucleus,Mitochondrion,False,1706
40,45,EEKEE,Nucleus,Mitochondrion,False,1706
75,83,DQLEDLRE,Nucleus,Mitochondrion,False,1706
83,88,HFKNT,Nucleus,Mitochondrion,False,1706
89,96,EGKALVH,Nucleus,Mitochondrion,False,1706
103,108,RVKIQ,Nucleus,Mitochondrion,False,1706
114,122,ADLEHKED,Nucleus,Mitochondrion,False,1706
127,136,FHLQHYLDT,Nucleus,Mitochondrion,False,1706
139,147,PRLFDKLK,Nucleus,Mitochondrion,False,1706
19,24,SICEE,Nucleus,Extracellular,False,1759
5,10,YACLL,Mitochondrion,Extracellular,False,1776
246,251,LPCQL,Mitochondrion,Extracellular,False,1776
11,16,VLCGL,Extracellular,Extracellular,True,1780
26,31,APCKD,Extracellular,Extracellular,True,1780
32,37,DDCDR,Extracellular,Extracellular,True,1780
39,44,EYCAI,Extracellular,Extracellular,True,1780
54,59,KRCED,Extracellular,Extracellular,True,1780
7,12,VLCFN,Cell.membrane,Extracellular,False,1788
14,19,LICSQ,Cell.membrane,Extracellular,False,1788
211,216,MNCSY,Cell.membrane,Extracellular,False,1788
255,260,ENCSI,Cell.membrane,Extracellular,False,1788
261,266,QTCRY,Cell.membrane,Extracellular,False,1788
276,281,VGCAV,Cell.membrane,Extracellular,False,1788
281,286,QYCGD,Cell.membrane,Extracellular,False,1788
289,294,IACSY,Cell.membrane,Extracellular,False,1788
311,319,GICSACTT,Cell.membrane,Extracellular,False,1788
324,329,VRCNS,Cell.membrane,Extracellular,False,1788
330,335,HLCEW,Cell.membrane,Extracellular,False,1788
9,14,GTFPA,Cytoplasm,Cell.membrane,False,1820
28,33,PLFRR,Cytoplasm,Cell.membrane,False,1820
41,47,QSFFMR,Cytoplasm,Cell.membrane,False,1820
59,64,GLFHI,Cytoplasm,Cell.membrane,False,1820
122,127,SLFAA,Cytoplasm,Cell.membrane,False,1820
143,148,SHFLK,Cytoplasm,Cell.membrane,False,1820
151,156,LNFIR,Cytoplasm,Cell.membrane,False,1820
187,192,SLFLG,Cytoplasm,Cell.membrane,False,1820
197,205,LIFAFFQE,Cytoplasm,Cell.membrane,False,1820
276,281,TNFPE,Cytoplasm,Cell.membrane,False,1820
29,34,PEFVT,Cell.membrane,Cell.membrane,True,1857
60,67,EWFKFGV,Cell.membrane,Cell.membrane,True,1857
69,77,PIFIKFGY,Cell.membrane,Cell.membrane,True,1857
122,127,DTFHN,Cell.membrane,Cell.membrane,True,1857
138,143,PTFTE,Cell.membrane,Cell.membrane,True,1857
161,166,TAFGN,Cell.membrane,Cell.membrane,True,1857
227,232,PPFIV,Cell.membrane,Cell.membrane,True,1857
269,274,VYFQN,Cell.membrane,Cell.membrane,True,1857
288,293,IIFRV,Cell.membrane,Cell.membrane,True,1857
419,424,PYFTV,Cell.membrane,Cell.membrane,True,1857
446,451,DPFPV,Cell.membrane,Cell.membrane,True,1857
472,477,LQFRA,Cell.membrane,Cell.membrane,True,1857
538,543,QTFSV,Cell.membrane,Cell.membrane,True,1857
547,552,AQFGP,Cell.membrane,Cell.membrane,True,1857
577,582,YQFSV,Cell.membrane,Cell.membrane,True,1857
590,595,SAFSE,Cell.membrane,Cell.membrane,True,1857
601,606,LAFPV,Cell.membrane,Cell.membrane,True,1857
639,644,HSFPI,Cell.membrane,Cell.membrane,True,1857
648,653,MEFRV,Cell.membrane,Cell.membrane,True,1857
668,674,GDFFAK,Cell.membrane,Cell.membrane,True,1857
681,686,YEFRV,Cell.membrane,Cell.membrane,True,1857
706,711,DIFPQ,Cell.membrane,Cell.membrane,True,1857
730,735,ICFLA,Cell.membrane,Cell.membrane,True,1857
737,742,ILFST,Cell.membrane,Cell.membrane,True,1857
744,749,ACFVN,Cell.membrane,Cell.membrane,True,1857
855,860,GRFVM,Cell.membrane,Cell.membrane,True,1857
874,881,EGFPFAE,Cell.membrane,Cell.membrane,True,1857
886,891,PEFRQ,Cell.membrane,Cell.membrane,True,1857
929,934,PRFQP,Cell.membrane,Cell.membrane,True,1857
958,963,RPFQH,Cell.membrane,Cell.membrane,True,1857
980,985,PPFYM,Cell.membrane,Cell.membrane,True,1857
1004,1009,GPFGH,Cell.membrane,Cell.membrane,True,1857
1042,1049,PEFPFGG,Cell.membrane,Cell.membrane,True,1857
1054,1059,MMFPH,Cell.membrane,Cell.membrane,True,1857
1161,1166,STFGL,Cell.membrane,Cell.membrane,True,1857
1244,1249,VSFSR,Cell.membrane,Cell.membrane,True,1857
1273,1278,MGFTT,Cell.membrane,Cell.membrane,True,1857
1299,1304,DVFGQ,Cell.membrane,Cell.membrane,True,1857
12,17,ISCFT,Cell.membrane,Extracellular,False,1884
23,28,KFGSF,Mitochondrion,Extracellular,False,1906
42,47,AKGKE,Mitochondrion,Extracellular,False,1906
77,82,TGCPD,Extracellular,Extracellular,True,1921
117,122,KNCQL,Extracellular,Extracellular,True,1921
195,200,SPCGA,Extracellular,Extracellular,True,1921
240,245,QQCTN,Extracellular,Extracellular,True,1921
26,31,VPCIS,Extracellular,Extracellular,True,1960
179,184,DRCLA,Extracellular,Extracellular,True,1960
215,220,HTCDR,Extracellular,Extracellular,True,1960
199,204,YDCSG,Extracellular,Extracellular,True,1961
261,266,VGCGI,Extracellular,Extracellular,True,1961
266,271,KTCGG,Extracellular,Extracellular,True,1961
276,281,VICSY,Extracellular,Extracellular,True,1961
5,10,LFCFI,Cytoplasm,Extracellular,False,1990
16,21,TDCER,Cytoplasm,Extracellular,False,1990
95,100,GYCFV,Cytoplasm,Extracellular,False,1990
113,123,EPCTTCLCSN,Cytoplasm,Extracellular,False,1990
125,130,VLCDE,Cytoplasm,Extracellular,False,1990
130,135,TECHP,Cytoplasm,Extracellular,False,1990
135,140,KACPY,Cytoplasm,Extracellular,False,1990
145,154,GECCPICSD,Cytoplasm,Extracellular,False,1990
288,293,RSCSL,Cytoplasm,Extracellular,False,1990
297,302,ISCVH,Cytoplasm,Extracellular,False,1990
472,477,EICFN,Cytoplasm,Extracellular,False,1990
620,625,QICNA,Cytoplasm,Extracellular,False,1990
652,657,FSCIR,Cytoplasm,Extracellular,False,1990
6,11,QAFLV,Extracellular,Cell.membrane,False,2012
23,28,GCFWD,Extracellular,Cell.membrane,False,2012
109,114,PAFTT,Extracellular,Cell.membrane,False,2012
128,133,QVFAP,Extracellular,Cell.membrane,False,2012
220,225,SAFTN,Extracellular,Cell.membrane,False,2012
11,16,GVCLL,Extracellular,Extracellular,True,2050
31,36,ITCFT,Extracellular,Extracellular,True,2050
47,56,VLCPGGCPL,Extracellular,Extracellular,True,2050
71,76,SICGA,Extracellular,Extracellular,True,2050
159,164,KDCKA,Extracellular,Extracellular,True,2050
320,325,AVCRN,Extracellular,Extracellular,True,2050
348,353,KLCTH,Extracellular,Extracellular,True,2050
355,364,MMCSKTCYN,Extracellular,Extracellular,True,2050
539,544,GICRD,Extracellular,Extracellular,True,2050
38,43,VKCGG,Extracellular,Extracellular,True,2064
63,72,YVCKCFCQA,Extracellular,Extracellular,True,2064
79,84,SKCHY,Extracellular,Extracellular,True,2064
94,99,TNCYI,Extracellular,Extracellular,True,2064
124,129,STCKT,Extracellular,Extracellular,True,2064
147,152,NHCLY,Extracellular,Extracellular,True,2064
206,211,QHCKE,Extracellular,Extracellular,True,2064
287,292,QSCTV,Extracellular,Extracellular,True,2064
339,344,EQCTI,Extracellular,Extracellular,True,2064
348,353,KDCPN,Extracellular,Extracellular,True,2064
19,24,SICDE,Nucleus,Extracellular,False,2078
